원항목명,출현수,정규화 항목,(값에 따라 갈린 경우)
소재,964,소재,
제품명,826,제품명,
원산지,789,원산지,
주의사항,669,주의사항,
사이즈,631,사이즈,
구성,331,구성,
용량,275,용량,
색상,266,색상,
세척방법,194,세척방법,
제조사,194,제조사,
사용가능열원,184,열원·기기 사용 가능 여부,
코팅,133,코팅,
제조원,127,제조사,
크기,112,사이즈,
중량,109,중량,
수입원,108,수입원,
규격,106,사이즈,
구성품,102,구성,
모델명,99,모델명,
무게,97,중량,
판매원,91,판매원,
보관방법,90,보관방법,
사용상 주의사항,84,주의사항,
식기세척기 사용여부,83,식기세척기 사용,
전자레인지 사용여부,81,열원·기기 사용 가능 여부,
사용불가열원,67,열원·기기 사용 가능 여부,
구조,67,구조,
세척 및 관리방법,61,세척방법,
식기세척기 사용 여부,56,식기세척기 사용,
용도,50,용도,
두께,49,두께,
인증,49,인증,
전자레인지 사용 여부,47,열원·기기 사용 가능 여부,
보온효력,47,보온효력,
바닥구조,46,바닥구조,
세척 및 보관방법,45,세척방법,
사용방법,44,사용방법,
보냉효력,43,보냉효력,
브랜드,41,브랜드,
세척 시 주의사항,41,세척방법,
권장화력,41,권장화력,
제품구성,37,구성,
사용가능기기,36,열원·기기 사용 가능 여부,
세척/관리방법,33,세척방법,
관리방법,28,세척방법,
내열온도,28,내열내냉온도,
전자레인지 사용,28,열원·기기 사용 가능 여부,
제조자,26,제조사,
식기세척기 사용 가능 여부,25,식기세척기 사용,
정격전압,25,소비전력,
수량,25,구성,
사용불가,24,열원·기기 사용 가능 여부,
동일모델의 출시년월,23,출시년월,
첫 세척방법,22,세척방법,
소비전력,21,소비전력,
세척 주의사항,21,세척방법,
세척주의사항,21,세척방법,
열탕소독 가능 여부,19,열탕소독,
특징,19,특징,
손잡이소재,19,소재,
오븐 사용여부,19,열원·기기 사용 가능 여부,
표면처리,19,표면처리,
포장,18,포장,
출시년월,18,출시년월,
사용주의사항,17,주의사항,
포장형태,17,포장형태,
안전인증번호,17,인증,
손잡이,17,손잡이,
열탕소독 여부,17,열탕소독,
사용 시 주의사항,16,주의사항,
식기세척기사용여부,16,식기세척기 사용,
인증/테스트,16,인증,
식기세척기 사용,16,식기세척기 사용,
제조방식,15,제조방식,
내열/내냉온도,15,내열내냉온도,
세척 및 관리 방법,15,세척방법,
내열내냉온도,15,내열내냉온도,
유해물질 불검출,15,유해물질 불검출,
열탕소독 가능여부,15,열탕소독,
사용 전 세척방법,14,세척방법,
특허,14,인증,
열탕소독,14,열탕소독,
제조공법,14,제조공법,
직화 사용여부,14,열원·기기 사용 가능 여부,
세척 및 관리 주의사항,14,세척방법,
품번,14,모델명,
기능,14,기능,
항균,13,항균,
옵션,13,옵션,
보관상 주의사항,13,보관방법,
컬러,12,색상,
가열 주의사항,12,주의사항,
식기세척기사용,12,식기세척기 사용,
상품구성,12,구성,
사용상주의사항,12,주의사항,
동일모델 출시년월,12,출시년월,
출시일,12,출시년월,
제작방식,11,제작방식,
마감,11,마감,
받침대,11,받침대,
직화 사용 여부,11,열원·기기 사용 가능 여부,
보관 시 주의사항,11,보관방법,
세척시 주의사항,11,세척방법,
사용 전 주의사항,11,주의사항,
부가기능,11,부가기능,
치수 오차,10,치수오차,
사용가능,10,열원·기기 사용 가능 여부,
항균력,10,항균,
전자레인지사용여부,10,열원·기기 사용 가능 여부,
식기세척기 사용가능여부,10,식기세척기 사용,
길이,10,사이즈,
소독방법,10,열탕소독,
제조년월,10,출시년월,
외장코팅,10,코팅,
사용불가기기,10,열원·기기 사용 가능 여부,
오븐 사용 여부,9,열원·기기 사용 가능 여부,
수입/판매원,9,수입원,
사용불가조건,9,열원·기기 사용 가능 여부,
판매자,9,판매원,
표면가공,9,표면가공,
특허번호,9,인증,
손잡이형태,9,손잡이,
뚜껑소재,9,소재,
사이즈 오차 안내,9,치수오차,
식품용 여부,9,식품용여부,
제품 크기,9,사이즈,
손잡이 소재,9,소재,
제품박스 크기,9,제품박스크기,
내냉·내열온도,9,내열내냉온도,
개폐방식,9,개폐방식,
수입판매원,9,수입원,
전자레인지사용,8,열원·기기 사용 가능 여부,
내열·내냉온도,8,내열내냉온도,
제품크기,8,사이즈,
KC안전인증번호,8,인증,
BPA 프리 여부,8,유해물질 불검출,
음용방식,8,음용방식,
모델,8,모델명,
연마제 제거 방법,8,세척방법,
밀폐 여부,8,밀폐 여부,
날길이,8,날길이,
세트구성,8,구성,
디자인등록번호,8,디자인등록번호,
거름망,8,거름망,
보관 주의사항,8,보관방법,
수입신고필 정보,8,수입신고,
수입원/제조위탁판매업소,8,제조사,
첫세척방법,8,세척방법,
인증/검사결과,8,인증,
세척방법 및 주의사항,8,세척방법,
취급주의사항,8,주의사항,
손잡이 형태,7,손잡이,
방송통신기자재 적합등록,7,인증,
권장용량,7,용량,
밀폐여부,7,밀폐 여부,
사용제한,7,주의사항,
뚜껑,7,뚜껑,
열센서,7,열센서,
인증/검사,7,인증,
내부 소재,7,소재,
제조판매원,7,제조사,
인증/안전성,7,인증,
높이,7,사이즈,
수입자,7,수입원,
사이즈 및 무게,7,사이즈,
내장코팅,7,코팅,
모델번호,7,모델명,
냉동실 사용여부,7,냉동실 사용,
보온보냉효력,7,보온효력,
양면사용여부,7,양면사용여부,
시험결과,6,인증,
식품위생법 수입신고 여부,6,수입신고,
제품무게,6,중량,
사용금지,6,주의사항,
세척/관리 주의사항,6,세척방법,
얼룩 제거방법,6,세척방법,
오븐사용여부,6,열원·기기 사용 가능 여부,
전자파식별부호,6,인증,
세척시주의사항,6,세척방법,
내냉내열온도,6,내열내냉온도,
손잡이 특징,6,손잡이,
소성온도,6,소성온도,
사용온도,6,내열내냉온도,
뚜껑형태,6,뚜껑,
제품 중량,6,중량,
내냉/내열온도,6,내열내냉온도,
권장조리도구,6,권장조리도구,
총길이,6,사이즈,
호환성,6,호환성,
인덕션 사용여부,6,열원·기기 사용 가능 여부,
인증/시험,6,인증,
안전성시험,6,인증,
입구넓이,6,입구넓이,
사용불가열원 및 기기,6,열원·기기 사용 가능 여부,
첫사용세척법,6,세척방법,
보관주의사항,6,보관방법,
치수오차,6,치수오차,
보관 및 관리방법,5,세척방법,
제품번호,5,모델명,
사용 및 세척 주의사항,5,세척방법,
안전장치,5,안전장치,
가열방식,5,가열방식,
뚜껑 특징,5,뚜껑,
첫 사용 전 세척방법,5,세척방법,
오븐 사용,5,열원·기기 사용 가능 여부,
전자레인지 사용 주의사항,5,주의사항,
변색 관리방법,5,세척방법,
제조연월,5,출시년월,
사이즈 오차,5,치수오차,
조리 주의사항,5,주의사항,
항균효과,5,항균,
초기 세척방법,5,세척방법,
칼날 소재,5,소재,
내열/내한온도,5,내열내냉온도,
전자레인지 사용 가능 여부,5,열원·기기 사용 가능 여부,
사이즈오차,5,치수오차,
유통기한,5,유통기한,
환경호르몬,5,유해물질 불검출,
항균시험결과,5,인증,
항균시험 결과,5,인증,
냄새 제거방법,5,세척방법,
상표등록번호,5,상표등록번호,
세척및관리방법,5,세척방법,
펌프 충전시간,5,펌프충전시간,
펌프 사용횟수,5,펌프사용횟수,
최대 진공압,5,최대진공압,
건조방법,5,세척방법,
인증정보,5,인증,
조리도구 사용 권장,4,조리도구사용권장,
기본구성,4,구성,
내냉온도,4,내열내냉온도,
모양틀 구성,4,구성,
식소다 제조원,4,제조사,
사용 팁,4,사용방법,
전자파인증번호,4,인증,
보온시간,4,보온효력,
수입신고여부,4,수입신고,
사이즈 및 중량,4,사이즈,
인증/시험결과,4,인증,
미끄럼 방지,4,미끄럼방지,
식기건조기 사용 여부,4,식기건조기 사용,
화기 주의사항,4,주의사항,
도금방식,4,도금방식,
종류,4,종류,
바닥 마감,4,바닥구조,
식품위생법 수입신고,4,수입신고,
직화사용,4,열원·기기 사용 가능 여부,
제품특성,4,제품특성,
BPA FREE 여부,4,유해물질 불검출,
품질보증기준,4,품질보증기준,
손잡이 재질,4,소재,
연마 방식,4,연마방식,
화기 주의,4,주의사항,
사용방식,4,사용방법,
안전성시험결과,4,인증,
얼룩 제거 방법,4,세척방법,
호수,4,호수,
취급 주의사항,4,주의사항,
에너지소비효율등급,4,에너지소비효율등급,
사용가능열원/기기,4,열원·기기 사용 가능 여부,
전자레인지/오븐 사용 여부,4,열원·기기 사용 가능 여부,
가공방식,4,가공방식,
수입·판매원,4,수입원,
외부 코팅,4,코팅,
충전 단자,4,충전단자,
손잡이구조,4,손잡이,
사용연령,4,사용연령,
조리 시 주의사항,4,주의사항,
알루미늄순도,4,알루미늄순도,
충전 방식,4,충전방식,
알루미늄 순도,4,알루미늄순도,
칼날길이,4,날길이,
세척/관리 방법,4,세척방법,
열탕 소독,4,열탕소독,
치수,4,사이즈,
인쇄사이즈,4,인쇄사이즈,
크기 및 무게,4,사이즈,
제품 특성 안내,4,제품특성안내,
겉표면,4,겉표면,
외부코팅,4,코팅,
열탕소독 방법,4,열탕소독,
얼룩 관리 방법,4,세척방법,
수입신고 여부,4,수입신고,
작동방식,4,작동방식,
접합방식,4,접합방식,
제조·수입원,4,제조사,
보냉효과,4,보냉효력,
손잡이특징,4,손잡이,
뚜껑 방식,4,뚜껑,
전력,4,전력,
별도구매품,3,별도구매품,
오븐사용,3,열원·기기 사용 가능 여부,
식소다 유통기한,3,식소다유통기한,
건조방식,3,건조방식,
취급주의,3,주의사항,
온도조절,3,온도조절,
가열시간,3,가열시간,
식기세척기 사용 주의사항,3,식기세척기 사용,
전기안전인증번호,3,인증,
전원 방식,3,소비전력,
제조자/수입자,3,제조사,
타입,3,타입,
컬러구성,3,구성,
직화사용여부,3,열원·기기 사용 가능 여부,
냄새제거방법,3,세척방법,
세부소재,3,소재,
적합등록번호,3,인증,
날 길이,3,날길이,
제조위탁소 및 수입판매원,3,제조사,
식품위생법에 따른 수입신고필 여부,3,수입신고,
내열/내한 온도,3,내열내냉온도,
냉동실 사용 여부,3,냉동실 사용,
유해물질 검출 여부,3,유해물질 불검출,
플랜지 규격,3,플랜지규격,
사용가능기구,3,열원·기기 사용 가능 여부,
차망,3,차망,
보관 및 취급 주의사항,3,보관방법,
전체길이,3,사이즈,
사용전 주의사항,3,주의사항,
보관시 주의사항,3,보관방법,
인덕션 사용조건,3,열원·기기 사용 가능 여부,
오븐/찜기 사용,3,열원·기기 사용 가능 여부,
변색 세척방법,3,세척방법,
칼날 경도,3,칼날경도,
제조자(사),3,제조사,
권장 화력,3,권장화력,
권장 조리도구,3,권장조리도구,
식품용 기구 여부,3,식품용기구여부,
조작방식,3,조작방식,
사용 및 관리 주의사항,3,세척방법,
열탕 소독 가능 여부,3,열탕소독,
온도 측정 방법,3,온도측정방법,
수입 및 판매원,3,수입및판매원,
수입원 주소,3,수입원,
알림기능,3,알림기능,
사용 방법,3,사용방법,
인덕션 사용 주의사항,3,주의사항,
세척/보관방법,3,세척방법,
인덕션 사용 여부,3,열원·기기 사용 가능 여부,
직화 가능 여부,3,열원·기기 사용 가능 여부,
첫 세척 방법,3,세척방법,
냉장/냉동 보관,3,냉동실 사용,
배터리 용량,3,용량,
유리뚜껑 주의사항,3,주의사항,
식소다 식품의유형,3,식소다식품의유형,
사용 금지 조건,3,주의사항,
용도 제한,3,용도제한,
유해물질 안전성,3,유해물질 불검출,
줄길이,3,줄길이,
안전인증,3,인증,
구성품 안내,3,구성,
사용열원,3,열원·기기 사용 가능 여부,
형태,3,형태,
냄새 제거 방법,3,세척방법,
공법,3,공법,
계량눈금,3,계량눈금,
바닥설계,3,바닥구조,
수입원/제조위탁판매,3,제조사,
손잡이방식,3,손잡이,
항균/살균,3,항균,
코드길이,3,코드길이,
디자인,3,디자인,
차량용 컵홀더 호환,3,차량용컵홀더호환,
제조위탁업소명,3,제조사,
건조기 사용여부,3,건조기사용여부,
전자레인지,3,열원·기기 사용 가능 여부,
식기세척기,3,식기세척기 사용,
제조위탁판매업소 주소,3,제조사,
인증/성적서,3,인증,
관리/보관방법,3,보관방법,
조리도구주의사항,3,주의사항,
사용전 세척법,3,세척방법,
UV 소독기 사용 여부,3,열탕소독,
사이즈 오차범위,3,치수오차,
연마제 제거 여부,3,세척방법,
호환,3,호환,
내부코팅,3,코팅,
미끄럼방지,3,미끄럼방지,
수입원/판매원,3,수입원,
공급원,3,공급원,
설치방식,3,설치방식,
단열구조,3,단열구조,
날두께,3,두께,
목재특징,3,목재특징,
식기건조기 사용가능여부,3,식기건조기 사용,
안전인증/시험결과,3,인증,
내열/내랭온도,3,내열내냉온도,
환경호르몬 여부,3,유해물질 불검출,
손잡이 특성,3,손잡이,
재사용여부,3,재사용여부,
내부처리,3,내부처리,
입구 크기,3,입구크기,
펌프 세척방법,3,세척방법,
바닥,3,바닥구조,
식기세척기 사용가능 여부,3,식기세척기 사용,
경도,3,경도,
보온효과,3,보온효력,
안전기능,3,안전기능,
조립여부,3,조립여부,
연마제 제거 필요 여부,3,세척방법,
식기세척기 사용시 주의사항,3,식기세척기 사용,
고온소독,2,열탕소독,
중금속 시험결과,2,인증,
양면 사용 가능 여부,2,양면사용가능여부,
박스 사이즈,2,박스사이즈,
방수,2,방수,
배터리 수명,2,배터리수명,
탄 자국 세척방법,2,세척방법,
용도별 색상,2,색상,
변색 제거방법,2,세척방법,
소음,2,소음,
진공도,2,진공도,
동모델 출시 제조년월,2,출시년월,
식품위생법에 따른 수입신고,2,수입신고,
안전성/유해물질 불검출,2,유해물질 불검출,
안전인증/특징,2,인증,
안전인증/테스트,2,인증,
녹 제거방법,2,녹제거방법,
건조/보관 방법,2,보관방법,
내용물 보관 주의사항,2,보관방법,
기울기,2,기울기,
회전속도,2,회전속도,
건전지,2,건전지,
제조원/판매원,2,제조사,
바닥면 지름,2,바닥구조,
유리뚜껑,2,뚜껑,
시험인증,2,인증,
회전,2,회전,
제품특징,2,제품특징,
냉동실 사용,2,냉동실 사용,
밀폐방식,2,밀폐 여부,
열탕소독 사용 여부,2,열탕소독,
분리세척여부,2,세척방법,
손잡이 결합 방식,2,손잡이,
바닥 기술,2,바닥구조,
알림 기능,2,알림기능,
전자레인지 사용가능여부,2,열원·기기 사용 가능 여부,
변색 대처방법,2,세척방법,
증정품,2,증정품,
KC인증,2,인증,
가열 시간,2,가열시간,
인증/특허,2,인증,
사용가능조건,2,사용가능조건,
수입신고필 문구,2,수입신고,
세척,2,세척방법,
냉동 보관 주의사항,2,냉동실 사용,
소독 주의사항,2,열탕소독,
손잡이 주의사항,2,주의사항,
사용금지세척도구,2,세척방법,
수상내역,2,수상내역,
내한내열온도,2,내열내냉온도,
물코,2,물코,
"정격전압, 소비전력",2,소비전력,
제조년월일,2,출시년월,
유리뚜껑주의사항,2,주의사항,
손잡이 마감,2,손잡이,
핸들소재,2,소재,
사용대상,2,사용대상,
입구지름,2,입구지름,
영업신고번호,2,영업신고번호,
계량컵 용량,2,용량,
디스플레이,2,디스플레이,
배터리,2,배터리,
상세사이즈,2,상세사이즈,
변색 관리법,2,세척방법,
수저 사이즈,2,수저사이즈,
젓가락 사이즈,2,젓가락사이즈,
손잡이결합방식,2,손잡이,
사용전세척방법,2,세척방법,
사용시주의사항,2,주의사항,
직화가능여부,2,열원·기기 사용 가능 여부,
덮개,2,덮개,
보관 방식,2,보관방법,
중식도 규격,2,중식도규격,
다용도칼 규격,2,다용도칼규격,
과도 규격,2,과도규격,
칼갈이 규격,2,칼갈이규격,
가위 규격,2,가위규격,
사용가능여부,2,사용가능여부,
BPA 프리,2,유해물질 불검출,
입구 넓이,2,입구넓이,
구조 및 특징,2,구조및특징,
권장사항,2,권장사항,
사용권장화력,2,사용권장화력,
양면사용,2,양면사용,
필터 규격,2,필터규격,
조리도구 권장사항,2,조리도구권장사항,
열탕 소독 여부,2,열탕소독,
외경,2,외경,
타공 크기,2,타공크기,
사이즈오차안내,2,치수오차,
수입원/제조위탁판매업소 주소,2,제조사,
BPA프리여부,2,유해물질 불검출,
원료,2,원료,
패킹,2,패킹,
사용 시간,2,사용시간,
실리콘 패킹 분리 가능 여부,2,실리콘패킹분리가능여부,
제조/판매,2,제조/판매,
첫 사용 세척 방법,2,세척방법,
눈금표기,2,눈금표기,
박스사이즈,2,박스사이즈,
식소다 제품명,2,식소다제품명,
식소다 중량,2,중량,
식소다 성분,2,소재,
접이식 미니화로대 스펙,2,접이식미니화로대스펙,
스테인리스 강종,2,스테인리스강종,
판매사,2,판매원,
바닥두께,2,두께,
휘슬 작동 조건,2,휘슬작동조건,
수입식품안전관리특별법 수입신고 여부,2,수입신고,
사용 및 보관 주의사항,2,보관방법,
전자파적합등록,2,인증,
인증/규격,2,인증,
제작공법,2,제작공법,
제품중량,2,중량,
유해물질 불검출 시험결과,2,출시년월,
건조 및 보관방법,2,보관방법,
칼날두께,2,두께,
순도,2,순도,
수저받침 포함여부,2,수저받침포함여부,
사용불가 열원/기기,2,열원·기기 사용 가능 여부,
사용형태,2,사용형태,
시험·인증,2,인증,
조리도구주의,2,주의사항,
일본산 고체연료 스펙,2,일본산고체연료스펙,
유해물질 시험 결과,2,유해물질 불검출,
사용 전 세척 안내,2,세척방법,
세척 및 보관 시 주의사항,2,세척방법,
리벳소재,2,소재,
내부소재,2,소재,
세척/관리주의사항,2,세척방법,
초기세척방법,2,세척방법,
용도제한,2,용도제한,
케이스 크기,2,케이스크기,
손잡이 구성,2,구성,
오븐 사용 주의사항,2,주의사항,
연마방식,2,연마방식,
식기건조기 사용여부,2,식기건조기 사용,
옵션별 용량,2,용량,
선택옵션,2,선택옵션,
내부 코팅,2,코팅,
추가구성품 소재,2,소재,
추가구성품 원산지,2,원산지,
오븐,2,열원·기기 사용 가능 여부,
가로,2,가로,
수입여부,2,수입여부,
항균율,2,항균,
눈금표시,2,눈금표시,
충격 주의,2,주의사항,
식품 보관 주의,2,보관방법,
UV 소독기 사용여부,2,열탕소독,
식기세척기 사용 시 주의사항,2,식기세척기 사용,
용량 및 크기,2,용량,
인덕션사용여부,2,열원·기기 사용 가능 여부,
원자재,2,원자재,
밀폐기능,2,밀폐 여부,
결합방식,2,결합방식,
식품용 기구 인증,2,인증,
건조기 사용 여부,2,건조기사용여부,
손잡이접합방식,2,손잡이,
내열내한온도,2,내열내냉온도,
제조사/수입사,2,제조사,
안전인증/시험,2,인증,
세척도구 주의사항,2,세척방법,
조리도구 주의사항,2,주의사항,
옻칠 횟수,2,옻칠횟수,
선택옵션 구성품,2,구성,
인증 및 시험,2,인증,
판매처,2,판매원,
유약,2,유약,
옵션별 규격,2,옵션별규격,
소재지,2,소재,
젓가락 길이,2,젓가락길이,
인증/허가사항,2,인증,
바닥기술,2,바닥구조,
조립방법,2,조립방법,
식기세척기/식기건조기 사용 여부,2,식기세척기 사용,
입구 내경,2,입구내경,
스테인리스 규격,2,스테인리스규격,
오픈 방식,2,오픈방식,
보관 금지 음식,2,보관방법,
관리 및 보관방법,2,보관방법,
냉동 보관 가능 여부,2,냉동실 사용,
후라이팬 사이즈,2,후라이팬사이즈,
튀김/궁중팬 사이즈,2,튀김/궁중팬사이즈,
바깥 코팅 색상 안내,2,색상,
BPA free 여부,2,유해물질 불검출,
표면마감,2,표면마감,
열탕소독 주의사항,2,열탕소독,
추가구성,2,구성,
원자재순도,2,원자재순도,
인증및테스트,2,인증,
압력조절,2,압력조절,
살균건조기 사용여부,2,살균건조기사용여부,
투입 금지 음료,2,투입금지음료,
식기세척기사용주의사항,2,식기세척기 사용,
싸이즈,2,싸이즈,
시험성적,2,인증,
세척 및 연마제 제거 방법,2,세척방법,
열탕소독 사용여부,2,열탕소독,
가공처리,2,가공처리,
사용전 세척방법,2,세척방법,
손잡이재질,2,소재,
제품 사이즈,2,사이즈,
입구 지름,2,입구지름,
메모리 기능,2,메모리기능,
본체소재,2,소재,
용도 주의사항,2,주의사항,
사이즈(용량),2,사이즈,
걸름망,2,걸름망,
안전성 시험결과,2,인증,
바닥특징,2,바닥구조,
뚜껑특징,2,뚜껑,
포장 안내,2,포장안내,
얼룩 세척법,2,세척방법,
식기세척기 사용 안내,2,식기세척기 사용,
규격 및 용량,2,용량,
"인증, 허가사항",2,인증,
주입구 크기,2,주입구크기,
필터,2,필터,
방송통신기자재 적합등록번호,2,인증,
직접 가열 여부,2,직접가열여부,
전자레인지 사용가능 여부,2,열원·기기 사용 가능 여부,
사용금지세제,2,주의사항,
수입식품안전관리특별법 수입신고,2,수입신고,
용량 안내,2,용량,
전파인증번호,2,인증,
수입신고필유무,2,수입신고,
보온/보냉효력,2,보온효력,
추가상품,2,추가상품,
상품무게,2,중량,
세척 및 건조 주의사항,2,세척방법,
제품 무게,2,중량,
사용가능온도,2,내열내냉온도,
수입 기구/용기,2,수입기구/용기,
전압/소비전력,2,소비전력,
수분 조절 방식,2,수분조절방식,
소독 시 주의사항,2,열탕소독,
보관조건,2,보관방법,
칼두께,2,두께,
적정 내용물 용량,2,용량,
투입 금지 물질,2,투입금지물질,
패키지 사이즈,2,패키지사이즈,
접착제,2,접착제,
안전성,2,안전성,
제품 구성,2,구성,
유약처리,1,유약처리,
원적외선 방사율 (40℃),1,원적외선방사율(40℃),
원적외선 방사에너지 (40℃),1,원적외선방사에너지(40℃),
냉장/냉동실 사용여부,1,냉동실 사용,
직접적인 열 사용여부,1,직접적인열사용여부,
유해물질 무검출 인증,1,유해물질 불검출,
빨대사용여부,1,빨대사용여부,
물때얼룩제거법,1,세척방법,
냉동실사용,1,냉동실 사용,
냉장고사용,1,냉장고사용,
제품명(거치대),1,제품명(거치대),
소재(거치대),1,소재,
사이즈(거치대),1,사이즈,
식소다 원재료명 및 함량,1,식소다원재료명및함량,
세척안내,1,세척방법,
품질보존기간,1,품질보존기간,
제품색상,1,색상,
코팅/도장,1,코팅,
옹이 유무,1,옹이유무,
포장상태,1,포장상태,
별도구매 안내,1,별도구매안내,
소재 원산지,1,소재,
미네랄현상(무지개 현상) 제거방법,1,미네랄현상(무지개현상)제거방법,
코드 길이,1,코드길이,
입구 직경,1,입구직경,
내부재질,1,소재,
보온 설정 방법,1,보온효력,
식초 세척 방법,1,세척방법,
구연산 세척 방법,1,세척방법,
바닥 구조,1,바닥구조,
동작 표시,1,동작표시,
수위창,1,수위창,
뚜껑 개폐 방식,1,뚜껑,
사용불가 세제,1,사용불가세제,
건조 주의사항,1,주의사항,
소독 방법,1,열탕소독,
전원케이블 길이,1,소비전력,
이동 바퀴,1,이동바퀴,
보관 비권장 식품,1,보관방법,
어댑터 사용 주의사항,1,주의사항,
제습제 관리 방법,1,세척방법,
스티커제거방법,1,스티커제거방법,
소재 특성,1,소재,
소재 원산지/브랜드,1,소재,
냉장/냉동 사용 여부,1,냉동실 사용,
밀폐 방식,1,밀폐 여부,
실리콘 패킹 분리 여부,1,실리콘패킹분리여부,
열탕소독여부,1,열탕소독,
UV소독기사용여부,1,열탕소독,
인퓨저,1,인퓨저,
스트로우,1,스트로우,
핸들,1,핸들,
세척 방법,1,세척방법,
외측 소재,1,소재,
스트로우 사용 여부,1,스트로우사용여부,
차량 컵홀더 거치 여부,1,차량컵홀더거치여부,
충격 주의사항,1,주의사항,
사용전원,1,소비전력,
식기세척기사용가능여부,1,식기세척기 사용,
권장가스렌지화구,1,열원·기기 사용 가능 여부,
스테인리스 종류,1,스테인리스종류,
세척 및 소독 방법,1,열탕소독,
주요 기능 및 특징,1,주요기능및특징,
외관 특이사항 안내,1,외관특이사항안내,
세척 및 사용방법,1,세척방법,
공예,1,공예,
날폭,1,날폭,
인증/검증,1,인증,
구조/특징,1,구조/특징,
블레이드 소재,1,소재,
스테인리스 변색 관리,1,세척방법,
얼룩 및 녹 관리방법,1,세척방법,
패킹소재,1,소재,
패턴,1,패턴,
보온 성능,1,보온효력,
보냉 성능,1,보냉효력,
뚜껑 기능,1,뚜껑,
밀폐 마개,1,밀폐 여부,
사용권장,1,사용권장,
용량/구성,1,구성,
열탕소독 사용,1,열탕소독,
불조절 권장사항,1,불조절권장사항,
조리기구 권장/주의,1,주의사항,
내부지름,1,내부지름,
보관 금지 음료,1,보관방법,
패킹 조립방법,1,패킹조립방법,
삶기,1,삶기,
내용물 적재 주의사항,1,주의사항,
뚜껑지름,1,뚜껑,
보관제한,1,보관방법,
내하중,1,내하중,
도색/코팅,1,코팅,
조립 여부,1,조립여부,
제작 가능 높이,1,제작가능높이,
형태(타입),1,형태(타입),
마감재,1,마감재,
오븐레인지 사용여부,1,열원·기기 사용 가능 여부,
테두리높이,1,테두리높이,
칼갈이 사용가능 조건,1,칼갈이사용가능조건,
권장 칼 종류,1,권장칼종류,
냉·온 보존시간,1,냉·온보존시간,
제품구성(4종 라인업),1,구성,
사용용도 제한,1,사용용도제한,
낙하 주의,1,주의사항,
사용 가이드(화력),1,사용가이드(화력),
사용 가이드(가열),1,사용가이드(가열),
사용 가이드(조리도구),1,사용가이드(조리도구),
사용불가가열기구,1,사용불가가열기구,
기름때 세척방법,1,세척방법,
도자기제품특성(불량미해당),1,도자기제품특성(불량미해당),
전용 수축필름 사용방법,1,사용방법,
수축필름 보관방법,1,보관방법,
고급뚜껑 사용방법,1,사용방법,
수축필름 색상,1,색상,
사용금지조건,1,주의사항,
내부 처리,1,내부처리,
교체주기 권장,1,교체주기권장,
화상 주의,1,주의사항,
제조수입사,1,수입원,
기능/구성,1,구성,
해동보드 활용,1,해동보드활용,
수입원 및 판매원,1,수입원,
상세크기,1,상세크기,
규격(가로X세로X높이),1,규격(가로X세로X높이),
선반 내측 규격 (가로X세로),1,선반내측규격(가로X세로),
선반 간격,1,선반간격,
서랍 내측 규격(가로X세로X높이),1,서랍내측규격(가로X세로X높이),
최대 적재량,1,최대적재량,
바퀴,1,바퀴,
보온 기능,1,보온효력,
차우림 모드,1,차우림모드,
모델명/품번,1,모델명/품번,
용량 및 무게,1,중량,
색상종류,1,색상,
사용 불가,1,열원·기기 사용 가능 여부,
타공지름,1,타공지름,
추가가공 가능 색상,1,색상,
사용시 주의사항,1,주의사항,
사용불가 대상,1,사용불가대상,
사용불가 용도,1,사용불가용도,
사용전 세척,1,세척방법,
사용후 세척,1,세척방법,
녹 발생시 관리방법,1,세척방법,
식품 조리 주의사항,1,주의사항,
가스불 사용여부,1,열원·기기 사용 가능 여부,
용접방식,1,용접방식,
빈 용기 가열 금지,1,빈용기가열금지,
어린이 주의사항,1,주의사항,
주입구,1,주입구,
식기세척기/건조기사용가능여부,1,식기세척기 사용,
인증·테스트,1,인증,
첫세척및관리방법,1,세척방법,
조리도구권장사항,1,조리도구권장사항,
추가구성품_유리뚜껑 규격,1,구성,
추가구성품_실리콘주걱 규격 및 소재,1,소재,
추가구성품_실리콘뒤집개 규격 및 소재,1,소재,
추가구성품_양손가위 규격 및 소재,1,소재,
유해물질시험결과,1,유해물질 불검출,
열탕소독/식기세척기 사용,1,식기세척기 사용,
조리량 주의사항,1,주의사항,
급냉 주의사항,1,주의사항,
안전 주의사항,1,주의사항,
단위표시,1,단위표시,
전자레인지 소독 시간,1,열탕소독,
입수구 크기,1,입수구크기,
외형규격,1,외형규격,
선반간격,1,선반간격,
선반내측,1,선반내측,
조립방법(캡),1,조립방법(캡),
조립방법(상판),1,조립방법(상판),
조립방법(기둥),1,조립방법(기둥),
조립방법(가이드),1,조립방법(가이드),
조립방법(하판),1,조립방법(하판),
조립방법(바퀴),1,조립방법(바퀴),
걸이 수,1,걸이수,
내한/내열 온도,1,내열내냉온도,
제조사 및 책임판매업자,1,제조사,
품질경영시스템 인증,1,인증,
환경경영시스템 인증,1,인증,
유해물질 안전성 검증,1,유해물질 불검출,
시험·검증결과,1,인증,
사용가능조리도구,1,사용가능조리도구,
바디 소재,1,소재,
최초 사용 전 세척법,1,세척방법,
사용 후 세척법,1,세척방법,
뚜껑 호환 여부,1,뚜껑,
핸들 제한 하중,1,핸들제한하중,
핸들 소재,1,소재,
플랫 뚜껑 소재,1,소재,
뚜껑 테두리 소재,1,소재,
플랫 뚜껑 사용가능 기기,1,열원·기기 사용 가능 여부,
패드 사용 주의사항,1,주의사항,
뚜껑 호환 주의사항,1,주의사항,
핸들 사용 주의사항,1,주의사항,
원목 원산지,1,원산지,
항균테스트,1,항균,
각인 옵션,1,각인옵션,
전용오일 품명,1,전용오일품명,
전용오일 용량,1,용량,
전용오일 원료,1,전용오일원료,
전용오일 원산지,1,원산지,
전용오일 제조원,1,제조사,
전용오일 수입소분판매원,1,전용오일수입소분판매원,
열탕소독 방법 및 주의사항,1,열탕소독,
케이스 형태,1,케이스형태,
수입식품안전관리인증,1,인증,
도자기 크기,1,도자기크기,
도자기 용량,1,용량,
전자레인지/식기세척기 사용 여부,1,식기세척기 사용,
내솥용량,1,용량,
정격전압/소비전력,1,소비전력,
내솥 코팅,1,코팅,
예약취사,1,예약취사,
PFOA 검출 여부,1,PFOA검출여부,
시즈닝방법,1,시즈닝방법,
삶기 가능여부,1,삶기가능여부,
내솥 소재,1,소재,
나무세트 사이즈,1,나무세트사이즈,
최대 조리량,1,최대조리량,
소모품 교체 권장주기,1,소모품교체권장주기,
직화 사용 시 주의사항,1,주의사항,
추가구성품 식소다 규격,1,구성,
추가구성품 캔 알콜 고체연료화로 규격,1,구성,
추가구성품 접이식 미니화로대 규격,1,구성,
추가구성품 고체연료 20gx20개 규격,1,구성,
추가구성품 고체연료 20gx10개 규격,1,구성,
외부 소재,1,소재,
내부 표면처리,1,내부표면처리,
접합 방식,1,접합방식,
미끄럼방지 처리,1,미끄럼방지처리,
시험 및 인증,1,인증,
전자레인지/식기세척기 사용 가능 여부,1,식기세척기 사용,
초기 세척 안내,1,세척방법,
취급시 주의사항,1,주의사항,
본애쉬 함유량,1,본애쉬함유량,
부부수저 색상,1,색상,
부부수저 소재,1,소재,
취급상 주의사항,1,주의사항,
열탕 사용여부,1,열탕소독,
조리 가이드,1,조리가이드,
내부 용기,1,내부용기,
보온효력 테스트,1,보온효력,
뚜껑 형태,1,뚜껑,
개폐 방식,1,개폐방식,
바디분리 여부,1,바디분리여부,
손잡이 접합방식,1,손잡이,
조리 권장화력,1,조리권장화력,
냉장보관여부,1,보관방법,
칼날소재,1,소재,
주방가위 부가기능,1,주방가위부가기능,
칼집 사용방법,1,사용방법,
칼집 사용 시 주의사항,1,주의사항,
시리즈용량,1,용량,
세척및보관방법,1,세척방법,
밀폐 방법,1,밀폐 여부,
제작공정상 특징,1,제작공정상특징,
옵션구성,1,구성,
직경,1,사이즈,
누수방지,1,누수방지,
사용가능음료,1,사용가능음료,
테두리 높이,1,테두리높이,
강판 기능,1,강판기능,
샤프너 기능,1,샤프너기능,
눈금자 기능,1,눈금자기능,
식품위생법에 따른 수입신고 필함 여부,1,수입신고,
회전수,1,회전수,
칼날,1,칼날,
사용 횟수,1,사용횟수,
충전 사양 및 주의사항,1,주의사항,
전자파적합성식별부호,1,인증,
셰프나이프 규격,1,셰프나이프규격,
빵칼 규격,1,빵칼규격,
칼꽂이 규격,1,칼꽂이규격,
칼샤프너 규격,1,칼샤프너규격,
칼날 성분,1,소재,
볼스터 형태,1,볼스터형태,
칼꽂이 특징,1,칼꽂이특징,
초기 칼날 상태 안내,1,초기칼날상태안내,
사용 전 연마 순서,1,사용전연마순서,
시험 및 인증결과,1,인증,
조리방법,1,조리방법,
구성 참고사항,1,구성,
즙구멍 수,1,즙구멍수,
조리도구 사용 주의사항,1,주의사항,
보관 및 관리 주의사항,1,세척방법,
얼룩 세척방법,1,세척방법,
갈변 관리방법,1,세척방법,
화력 권장사항,1,화력권장사항,
중금속 검출 여부,1,중금속검출여부,
초기 사용법,1,사용방법,
조리기구 권장사항,1,조리기구권장사항,
냉각 및 세척 주의사항,1,세척방법,
세척도구 권장사항,1,세척방법,
전자레인지 및 오븐 사용 여부,1,열원·기기 사용 가능 여부,
제조판매,1,제조판매,
하부구조,1,하부구조,
재활용 여부,1,재활용여부,
조리도구 사용 주의,1,주의사항,
내한·내열온도,1,내열내냉온도,
플라스틱 분류,1,플라스틱분류,
전자레인지 사용 제한,1,열원·기기 사용 가능 여부,
식기세척기 및 열탕소독 사용,1,식기세척기 사용,
고온 음식물 보관 주의사항,1,보관방법,
액체 보관 방법,1,보관방법,
이염 주의,1,주의사항,
호환 제품,1,호환제품,
뚜껑 고정 방식,1,뚜껑,
뚜껑 스팀홀,1,뚜껑,
바닥 스파이크 길이,1,바닥구조,
셀 사이즈,1,셀사이즈,
지탱하중,1,지탱하중,
열저항,1,열저항,
채움재 규격,1,채움재규격,
고정 앵커 핀 수량,1,고정앵커핀수량,
사용분야,1,사용분야,
마감공법,1,마감공법,
열탕소독방법,1,열탕소독,
얼룩관리방법,1,세척방법,
항균성능,1,항균,
환경호르몬 검출여부,1,유해물질 불검출,
뚜껑 구성,1,구성,
섭취 권장기한,1,섭취권장기한,
사용불가 원료,1,사용불가원료,
손잡이 사용 시 주의사항,1,주의사항,
얼음 크기 및 중량,1,중량,
소독기 사용 여부,1,열탕소독,
인쇄 가능 여부,1,인쇄가능여부,
오븐 사용 시 주의사항,1,주의사항,
냉동 보관 시 주의사항,1,냉동실 사용,
물코뚜껑,1,뚜껑,
뚜껑호환여부,1,뚜껑,
안전인증및시험결과,1,인증,
조리 권장사항,1,조리권장사항,
식기세척기 사용조건,1,식기세척기 사용,
조리 팁(해동),1,조리팁(해동),
조리 팁(계란찜),1,조리팁(계란찜),
멀티커버 호환 사이즈,1,멀티커버호환사이즈,
음식물 보관 가능 여부,1,보관방법,
생산방식,1,생산방식,
안전테스트,1,안전테스트,
냉동실 보관여부,1,냉동실 사용,
인증·시험결과,1,인증,
전원입력,1,소비전력,
안전신고번호,1,안전신고번호,
보관통 소재,1,보관방법,
쌀 보관 용량,1,보관방법,
충전 시간,1,충전시간,
진공 압력,1,진공압력,
자동 진공 체크 주기,1,자동진공체크주기,
세척 가능 여부,1,세척방법,
진공보관 불가 물품,1,보관방법,
냉장고·냉동고 보관 가능 여부,1,냉동실 사용,
가루류 보관 방법,1,보관방법,
식품용 마크,1,식품용마크,
인증/검출,1,인증,
시트전면 특징,1,시트전면특징,
시트후면 특징,1,시트후면특징,
커팅 방식,1,커팅방식,
인덕션레인지 사용 시 주의사항,1,주의사항,
수입식품안전관리 특별법 수입신고 여부,1,수입신고,
구경,1,구경,
바닥 지름,1,바닥구조,
깊이,1,깊이,
손잡이 길이,1,손잡이,
권장 사용 인원,1,권장사용인원,
조리시간(1인분),1,조리시간(1인분),
조리시간(2인분),1,조리시간(2인분),
조리시간(3인분),1,조리시간(3인분),
조리시간(4인분),1,조리시간(4인분),
세트 구성품,1,구성,
국자 규격,1,국자규격,
끌개 규격,1,끌개규격,
누름판 규격,1,누름판규격,
사각판 규격,1,사각판규격,
캔 알콜 고체연료화로 스펙,1,캔알콜고체연료화로스펙,
고체연료 20g 스펙,1,고체연료20g스펙,
뚜껑 패킹,1,뚜껑,
기울기 각도,1,기울기각도,
권장 화구 크기,1,권장화구크기,
제품크기/중량,1,중량,
휘슬뚜껑 사이즈,1,뚜껑,
주전자 사이즈,1,주전자사이즈,
차망 사이즈,1,차망사이즈,
구성품 제외 안내,1,구성,
인증번호,1,인증,
전원,1,소비전력,
환경유해물질안전성,1,유해물질 불검출,
사용가능기기(열원),1,열원·기기 사용 가능 여부,
권장 수량,1,권장수량,
사용 불가 열원,1,열원·기기 사용 가능 여부,
관리 방법,1,세척방법,
첫 세척/사용 방법,1,세척방법,
바닥 설계 특이사항,1,바닥구조,
주요기능,1,주요기능,
수저세트 구성,1,구성,
젓가락 특징,1,젓가락특징,
제품특성 안내,1,제품특성안내,
정격전압/주파수,1,소비전력,
제조위탁업소,1,제조사,
컨트롤러,1,컨트롤러,
투입구 크기,1,투입구크기,
특허정보,1,인증,
원료 상세,1,원료상세,
허용 용량,1,용량,
열판 소재,1,소재,
뚜껑 개폐 각도,1,뚜껑,
주입구 너비,1,주입구너비,
받침대 회전,1,받침대회전,
물때 제거 방법,1,물때제거방법,
사용불가조리도구,1,사용불가조리도구,
첫 사용 세척방법,1,세척방법,
필러 소재,1,소재,
추가상품 구성,1,구성,
추가상품 소재,1,소재,
추가상품 색상,1,색상,
사용금지열원,1,열원·기기 사용 가능 여부,
보관가능품목,1,보관방법,
옵션별 규격 (화성 단조 스텐 장어칼),1,옵션별규격(화성단조스텐장어칼),
옵션별 규격 (화성 단조 스텐창칼),1,옵션별규격(화성단조스텐창칼),
옵션별 규격 (화성 용 단조 스텐식도),1,옵션별규격(화성용단조스텐식도),
옵션별 규격 (화성 명 단조 스텐식도),1,옵션별규격(화성명단조스텐식도),
옵션별 규격 (화성 단조 스텐사시미),1,옵션별규격(화성단조스텐사시미),
가열조리,1,가열조리,
강판,1,강판,
스탠드,1,스탠드,
스팀살균 가능여부,1,스팀살균가능여부,
열탕살균 가능여부,1,열탕소독,
필터 소재,1,소재,
제조/수입자,1,제조사,
무지개빛/얼룩 세척법,1,세척방법,
갈변현상 완화/세척법,1,세척방법,
칼 사용 권장사항,1,칼사용권장사항,
핑거가드,1,핑거가드,
손잡이 결합방식,1,손잡이,
칼블럭 수납용량,1,용량,
빨대길이,1,빨대길이,
보냉지속시간,1,보냉효력,
모서리 라운드 각도,1,모서리라운드각도,
사용가능 기기,1,열원·기기 사용 가능 여부,
도금 여부,1,도금여부,
새제품 세척방법,1,세척방법,
탄 자국/찌든 때 세척방법,1,세척방법,
오염 및 얼룩 세척방법,1,세척방법,
추가구매상품 - 찜망 집게(후크) 소재,1,소재,
추가구매상품 - 찜망 집게(후크) 규격,1,추가구매상품-찜망집게(후크)규격,
추가구매상품 - 내열 테이블매트 규격 및 무게,1,중량,
추가구매상품 - 내열 테이블매트 색상,1,색상,
추가구매상품 - 내열 테이블매트 소재 및 내열온도,1,소재,
추가구매상품 - 내열 테이블매트 사용가능 기기,1,열원·기기 사용 가능 여부,
추가구매상품 - 원형 에어프라이어 매트 규격,1,열원·기기 사용 가능 여부,
추가구매상품 - 원형 에어프라이어 매트 색상,1,열원·기기 사용 가능 여부,
추가구매상품 - 원형 에어프라이어 매트 소재 및 내열온도,1,열원·기기 사용 가능 여부,
추가구매상품 - 직사각 에어프라이어 매트 규격 및 색상,1,열원·기기 사용 가능 여부,
추가구매상품 - 내열 국자받침대 규격 및 소재,1,소재,
추가구매상품 - 내열냄비 장갑(2PCS) 규격 및 소재,1,소재,
추가구매상품 - 미니 그릴 브러쉬 세트 규격 및 소재,1,소재,
손잡이접합,1,손잡이,
공정 방식,1,공정방식,
디자인등록,1,디자인등록,
유해물질안전,1,유해물질 불검출,
수입구분,1,수입구분,
용도구분,1,용도구분,
세척/소독방법,1,열탕소독,
국자 사이즈,1,국자사이즈,
모양틀 5종 사이즈,1,모양틀5종사이즈,
바늘 사이즈,1,바늘사이즈,
모양틀 보관함 사이즈,1,보관방법,
허가 관련,1,허가관련,
인증·허가사항,1,인증,
차량수납,1,차량수납,
보온테스트결과,1,보온효력,
검사결과,1,인증,
인덕션사용주의,1,주의사항,
핸들 결합방식,1,핸들결합방식,
세트구성(캔 알콜 고체연료화로 풀세트),1,구성,
식소다 원재료 및 성분,1,소재,
캔 고체연료화로 사이즈,1,캔고체연료화로사이즈,
캔 고체연료화로 연소시간,1,캔고체연료화로연소시간,
캔 고체연료화로 주의사항,1,주의사항,
소재비율,1,소재,
제작기법,1,제작기법,
시험기관,1,인증,
길들이기 안내,1,길들이기안내,
유지관리 안내,1,유지관리안내,
제품명 영문,1,제품명영문,
내부 코팅/가공,1,코팅,
뚜껑 분리 방법,1,뚜껑,
솔/연마분 사용여부,1,솔/연마분사용여부,
인증/승인,1,인증,
강도,1,강도,
BPA Free 여부,1,유해물질 불검출,
양면사용 가능여부,1,양면사용가능여부,
온도측정 방법,1,온도측정방법,
충전 여부,1,충전여부,
누출방지,1,누출방지,
화면 절전 기능,1,화면절전기능,
내부 기능,1,내부기능,
노즐직경,1,노즐직경,
자동전원차단,1,소비전력,
세척/관리,1,세척방법,
칼날 가공,1,칼날가공,
유해물질 검사,1,유해물질 불검출,
포크 크기,1,포크크기,
실린더 규격,1,실린더규격,
최대 높이(플런저 확장 시),1,최대높이(플런저확장시),
풋페달 케이블 길이,1,풋페달케이블길이,
노즐 직경,1,노즐직경,
노즐 길이,1,노즐길이,
노즐 하단 직경,1,노즐하단직경,
교체방법 STEP 1,1,교체방법STEP1,
교체방법 STEP 2,1,교체방법STEP2,
교체방법 STEP 3,1,교체방법STEP3,
교체방법 STEP 4,1,교체방법STEP4,
코드번호,1,코드번호,
보관 방법,1,보관방법,
수입신고 필 유무,1,수입신고,
수입 및 판매원 주소,1,수입및판매원주소,
추가상품(스트랩) 구성,1,구성,
추가상품(스트랩) 소재,1,소재,
추가상품(스트랩) 사이즈,1,추가상품(스트랩)사이즈,
추가상품(스트랩) 원산지,1,원산지,
추가상품(스티커) 사이즈,1,추가상품(스티커)사이즈,
전자파적합성부호,1,인증,
호환열원,1,열원·기기 사용 가능 여부,
불판다리,1,불판다리,
바닥 디자인,1,바닥구조,
기름배출구,1,기름배출구,
손잡이/뚜껑꼭지 소재,1,소재,
시험·검사결과,1,인증,
바닥면 특성,1,바닥구조,
세척 및 분리방법,1,세척방법,
차량수납여부,1,차량수납여부,
구성품 모델명,1,구성,
제조원 주소,1,제조사,
분리배출방법,1,분리배출방법,
뚜껑 색상,1,색상,
사용방법 및 주의사항,1,주의사항,
권장 조리기구,1,권장조리기구,
음식물 보관 불가,1,보관방법,
사용불가 열원 및 가전,1,열원·기기 사용 가능 여부,
항균 시험 결과,1,인증,
색상별 용도,1,색상,
추가구성품 제품명,1,구성,
추가구성품 사이즈,1,구성,
추가구성품 주의사항,1,주의사항,
인덕션,1,열원·기기 사용 가능 여부,
총높이,1,총높이,
국물흘림방지,1,국물흘림방지,
연삭판,1,연삭판,
칼갈이,1,칼갈이,
식기세척기/건조기사용,1,식기세척기 사용,
보관및취급주의사항,1,보관방법,
보관및관리방법,1,세척방법,
사은품,1,사은품,
본체 사이즈,1,본체사이즈,
뚜껑 사이즈,1,뚜껑,
각인 규격,1,각인규격,
보온 효력,1,보온효력,
보냉 효력,1,보냉효력,
연마제 제거 작업,1,세척방법,
유해물질 불검출 검사결과,1,유해물질 불검출,
사용전 세척 및 길들이기,1,세척방법,
조리시 주의사항,1,주의사항,
세척 및 조리도구 주의사항,1,세척방법,
설계 특징,1,설계특징,
L사이즈 모서리 설계,1,L사이즈모서리설계,
수세미 사용 주의,1,주의사항,
용도 외 사용 금지,1,주의사항,
배터리수명,1,배터리수명,
각인규격,1,각인규격,
각인제한,1,각인제한,
사용전관리방법,1,세척방법,
성분함량,1,소재,
스탠드 포함 여부,1,스탠드포함여부,
끓는 물 소독,1,열탕소독,
전자레인지 소독,1,열탕소독,
사용연령/대상,1,사용연령/대상,
전자레인지/오븐 사용 가능 여부,1,열원·기기 사용 가능 여부,
적재가능여부,1,적재가능여부,
항균성,1,항균,
모서리 처리,1,모서리처리,
규격 안내,1,규격안내,
음식물 보관 여부,1,보관방법,
화력 및 조리 주의사항,1,주의사항,
변색제거법,1,세척방법,
인덕션호환주의사항,1,주의사항,
용도 외 사용금지,1,주의사항,
살균소독효과,1,열탕소독,
보온보냉효과,1,보온효력,
미네랄방출,1,미네랄방출,
냉장·냉동실 사용,1,냉동실 사용,
구조/공법,1,구조/공법,
가공,1,가공,
바닥마감,1,바닥구조,
용량눈금표시,1,용량,
채반받침대,1,채반받침대,
얼룩/변색 관리법,1,세척방법,
식품위생법 수입신고 필 유무,1,수입신고,
손잡이 기능,1,손잡이,
제품명(옵션2),1,제품명(옵션2),
모델명(옵션2),1,모델명(옵션2),
구성품(옵션2),1,구성,
소재(옵션2),1,소재,
크기(옵션2),1,크기(옵션2),
색상(옵션2),1,색상,
제조사(옵션2),1,제조사,
원산지(옵션2),1,원산지,
식품위생법 수입신고 필 유무(옵션2),1,수입신고,
인증/통과내역,1,인증,
전자레인지/오븐 사용여부,1,열원·기기 사용 가능 여부,
주방가위 재질,1,소재,
감자칼 칼날 소재,1,소재,
칼날 표면 가공,1,칼날표면가공,
구수,1,구수,
구당크기,1,구당크기,
가스레인지 사용 주의사항,1,주의사항,
조리 및 관리 주의사항,1,세척방법,
손잡이 재질/특징,1,소재,
관리 주의사항,1,세척방법,
인덕션 사용 시 주의사항,1,주의사항,
열탕 소독 가능여부,1,열탕소독,
실용량 및 무게,1,중량,
직화 사용 주의,1,주의사항,
화기사용여부,1,화기사용여부,
변색시손질법,1,세척방법,
제조·판매원,1,제조·판매원,
정상가,1,정상가,
스테인리스 소재,1,소재,
외장 코팅,1,코팅,
구성 및 규격,1,구성,
광택,1,광택,
각인방식,1,각인방식,
세척 및 사용 전 주의사항,1,세척방법,
열센서 적용 제외,1,열센서적용제외,
뚜껑 스팀홀 여부,1,뚜껑,
튀김/거품 조리 시 주의사항,1,주의사항,
얼룩 관리방법,1,세척방법,
세척 후 보관방법,1,세척방법,
손잡이 사양,1,손잡이,
코팅 등급,1,코팅,
물꼬 설계,1,물꼬설계,
온도 센서,1,온도센서,
화력 주의사항,1,주의사항,
사용 권장사항,1,사용권장사항,
상세규격,1,상세규격,
색상 특성,1,색상,
보틀 사이즈,1,보틀사이즈,
인쇄 사이즈,1,인쇄사이즈,
트라이탄 내냉·내열온도,1,내열내냉온도,
아이스보틀 소재 및 허용온도,1,소재,
아이스보틀 사용 조건,1,아이스보틀사용조건,
세척 및 소독 시 주의사항,1,열탕소독,
뚜껑 종류 및 색상,1,색상,
보틀 옵션 구성,1,구성,
내장 구성품,1,구성,
열탕소독 시 주의사항,1,열탕소독,
제조위탁업소 및 수입판매원,1,제조사,
분리세척 여부,1,세척방법,
양손 사용 여부,1,양손사용여부,
개봉 시 주의사항,1,주의사항,
온도 주의사항,1,주의사항,
관리/보관 주의사항,1,보관방법,
안전밸브 조립/분해방법,1,안전밸브조립/분해방법,
추 장착방법,1,추장착방법,
차량호환성,1,차량호환성,
내부 재질,1,소재,
외부 재질,1,소재,
내부 가공,1,내부가공,
냉동시간,1,냉동실 사용,
권장 냉동실 온도,1,냉동실 사용,
추천 재료 용량,1,용량,
도구 사용 주의사항,1,주의사항,
한국형공기 규격,1,한국형공기규격,
한국형대접 규격,1,한국형대접규격,
앞접시 규격,1,앞접시규격,
원형접시(소) 규격,1,원형접시(소)규격,
원형접시(중) 규격,1,원형접시(중)규격,
면기(소) 규격,1,면기(소)규격,
세척방법 주의사항,1,세척방법,
담수량,1,담수량,
뚜껑까지 높이,1,뚜껑,
하단 지름,1,하단지름,
구성/특징,1,구성,
뚜껑재질,1,소재,
사각판 크기,1,사각판크기,
국자 크기,1,국자크기,
누르미 크기,1,누르미크기,
헤라 크기,1,헤라크기,
모양틀 크기,1,모양틀크기,
제품규격,1,제품규격,
직화그릴 사용 여부,1,열원·기기 사용 가능 여부,
패키지 표기 언어,1,패키지표기언어,
오픈방식,1,오픈방식,
표면경도,1,표면경도,
사용열원 주의사항,1,주의사항,
얼음보관시간,1,보관방법,
색상옵션,1,색상,
도장방식,1,도장방식,
열탕소독주의사항,1,열탕소독,
화기주의사항,1,주의사항,
초기관리법,1,초기관리법,
손잡이견딜수있는무게,1,중량,
손잡이호환,1,손잡이,
몸체소재,1,소재,
수납가능대상,1,수납가능대상,
케이스방식,1,케이스방식,
사용 조리도구 주의,1,주의사항,
제품 박스크기,1,제품박스크기,
열탕 소독(삶기) 여부,1,열탕소독,
단품 색상,1,색상,
세트 색상,1,색상,
살균소독 방법,1,열탕소독,
라돈 수치,1,라돈수치,
색상 종류,1,색상,
본체 지름,1,본체지름,
전체 가로,1,전체가로,
본체 높이,1,본체높이,
뚜껑 포함 본체 높이,1,뚜껑,
손잡이 세웠을 때 높이,1,손잡이,
손잡이 높이,1,손잡이,
손잡이 가로,1,손잡이,
뚜껑 지름,1,뚜껑,
주전자 물코 길이,1,주전자물코길이,
냉동보관 가능 여부,1,냉동실 사용,
뚜껑 개폐 방법,1,뚜껑,
갈변 관리 방법,1,세척방법,
중금속 용출 시험결과,1,출시년월,
사용불가 열원 및 기기,1,열원·기기 사용 가능 여부,
안전인증/검사,1,인증,
공정,1,공정,
호환대상,1,호환대상,
가스레인지/인덕션 사용,1,열원·기기 사용 가능 여부,
오븐/에어프라이어 사용,1,열원·기기 사용 가능 여부,
전자레인지 사용 시 주의사항,1,주의사항,
제거방법,1,제거방법,
활용장소,1,활용장소,
부착방법,1,부착방법,
부착시 주의사항,1,주의사항,
냉동·냉장실 보관,1,냉동실 사용,
뚜껑 결착 방식,1,뚜껑,
실리콘 패킹 항균율,1,항균,
실리콘 패킹 분리 세척 여부,1,세척방법,
첫 세척법,1,세척방법,
삶기 소독 여부,1,열탕소독,
표백제 사용 여부,1,표백제사용여부,
살균 및 소독,1,열탕소독,
제조/판매원,1,제조/판매원,
냄새/끈적임 제거방법,1,냄새/끈적임제거방법,
차량홀더호환,1,차량홀더호환,
화기주의,1,주의사항,
색상 차이 안내,1,색상,
공급자,1,공급자,
유리뚜껑 사이즈,1,뚜껑,
유리뚜껑 소재,1,소재,
유리뚜껑 원산지,1,원산지,
유리뚜껑 제조사,1,제조사,
유리뚜껑 호환,1,뚜껑,
유리뚜껑 조립방법,1,뚜껑,
제품유형,1,제품유형,
측면구조,1,측면구조,
물받이트레이,1,물받이트레이,
내용물 제한 및 주의사항,1,주의사항,
양면 사용 여부,1,양면사용여부,
핸디도마 색상,1,색상,
핸디도마 사이즈,1,핸디도마사이즈,
핸디도마 두께,1,두께,
도마거치대 사이즈,1,도마거치대사이즈,
도마거치대 소재,1,소재,
도마거치대 원산지,1,원산지,
온길이,1,온길이,
첫 사용시 주의사항,1,주의사항,
위생마개,1,위생마개,
물코 처리,1,물코처리,
하모니카 작동 조건,1,하모니카작동조건,
단품 컬러,1,색상,
세트 컬러,1,색상,
세트 구성,1,구성,
중탕 소독 방법,1,열탕소독,
살균 소독 방법,1,열탕소독,
관리 및 세척 방법,1,세척방법,
누름판 사용방법,1,사용방법,
최초사용법,1,사용방법,
사용팁,1,사용방법,
소독/세척가능여부,1,열탕소독,
도마 규격,1,도마규격,
세척 및 소독방법,1,열탕소독,
보관방법 및 주의사항,1,보관방법,
원형홀 수,1,원형홀수,
홀 지름,1,홀지름,
홀 깊이,1,홀깊이,
직화그릴 사용여부,1,열원·기기 사용 가능 여부,
거치대 미끄럼 방지,1,거치대미끄럼방지,
제품 최초 출시일,1,출시년월,
외부색상,1,색상,
오일코팅방법,1,코팅,
사용화력권장,1,사용화력권장,
음식 보관 주의,1,보관방법,
가공특성,1,가공특성,
보온보냉유지시간,1,보온효력,
각인위치,1,각인위치,
최대 각인사이즈,1,최대각인사이즈,
손잡이 색상,1,색상,
식기세척기/건조기 사용 가능 여부,1,식기세척기 사용,
표백/살균 가능 여부,1,표백/살균가능여부,
보틀 뚜껑 색상,1,색상,
보틀 옵션,1,보틀옵션,
소독방법 주의사항,1,열탕소독,
아이스보틀 주의사항,1,주의사항,
살균방법,1,살균방법,
기본 세척,1,세척방법,
물얼룩 관리,1,세척방법,
냄새/색배임 제거 방법,1,냄새/색배임제거방법,
사용방법(음식물짤순이),1,사용방법,
사용방법(유청분리),1,사용방법,
사용방법(스프링 분리/장착),1,사용방법,
세척 및 건조방법,1,세척방법,
정격,1,정격,
제품 용량,1,용량,
케이블 길이,1,케이블길이,
어댑터,1,어댑터,
보관 불가,1,보관방법,
하부 이동바퀴,1,하부이동바퀴,
나이프 소재,1,소재,
사용용량,1,용량,
높이조절,1,높이조절,
삶기 소독,1,열탕소독,
포장 상태,1,포장상태,
초벌세척방법,1,세척방법,
냉동실보관여부,1,냉동실 사용,
빈용기가열금지,1,빈용기가열금지,
음식보관주의사항,1,보관방법,
테두리 소재,1,소재,
칼갈이 사용방법,1,사용방법,
칼갈이 주의사항,1,주의사항,
용도별 권장사항,1,용도별권장사항,
첫 사용 시 세척 방법,1,세척방법,
열원 접촉 주의,1,주의사항,
스테인리스 얼룩 관리법,1,세척방법,
PP면 사용 주의사항,1,주의사항,
정기 살균관리,1,정기살균관리,
시험성적서번호,1,인증,
스팀홀,1,스팀홀,
적층 가능 여부,1,적층가능여부,
얼음수량,1,얼음수량,
얼음 크기,1,얼음크기,
물 접촉 주의사항,1,주의사항,
지지대 구성,1,구성,
음용구 입구 내경,1,음용구입구내경,
용기 입구 내경,1,용기입구내경,
용기 입구 외경,1,용기입구외경,
전체 높이,1,전체높이,
용기 외경 지름,1,용기외경지름,
보관 부적합 음료,1,보관방법,
권장 보관용량,1,보관방법,
포장단위,1,포장단위,
쉐프나이프 크기,1,쉐프나이프크기,
산토쿠나이프 크기,1,산토쿠나이프크기,
야채칼 크기,1,야채칼크기,
과도 크기,1,과도크기,
주방가위 크기,1,주방가위크기,
칼블럭 크기,1,칼블럭크기,
칼블럭 기능,1,칼블럭기능,
제조방법,1,제조방법,
제습제 사용방법,1,사용방법,
오차범위,1,치수오차,
냉장보관,1,보관방법,
사이즈 안내,1,사이즈안내,
양면사용 가능 여부,1,양면사용가능여부,
얼룩·냄새 제거법,1,세척방법,
건조/보관방법,1,보관방법,
주입구지름,1,주입구지름,
제조업체명,1,제조업체명,
속마개 내열온도,1,내열내냉온도,
속마개 내냉온도,1,내열내냉온도,
뚜껑구조,1,뚜껑,
열림방식,1,열림방식,
사용제한음료,1,주의사항,
세척제한도구,1,세척방법,
가열살균제한,1,가열살균제한,
건조및보관방법,1,보관방법,
물때및녹제거방법,1,물때및녹제거방법,
라벨제거주의,1,주의사항,
부품구매안내,1,부품구매안내,
구성 및 주요기능,1,구성,
소재 특성 안내,1,소재,
조리 및 보관 주의사항,1,보관방법,
규격(뉴베이직 셰프식도 220mm),1,규격(뉴베이직셰프식도220mm),
규격(뉴베이직 셰프식도 200mm),1,규격(뉴베이직셰프식도200mm),
규격(뉴베이직 셰프식도 180mm),1,규격(뉴베이직셰프식도180mm),
규격(뉴베이직 다용도식도 200mm),1,규격(뉴베이직다용도식도200mm),
규격(뉴베이직 과도 120mm),1,규격(뉴베이직과도120mm),
규격(뉴베이직 과도 100mm),1,규격(뉴베이직과도100mm),
박스당 입수량,1,박스당입수량,
파레트당 입수량,1,파레트당입수량,
보험,1,보험,
수입식품안전관리특별법에 따른 수입신고 여부,1,수입신고,
식기살균기 사용여부,1,식기살균기사용여부,
사용 후 보관방법,1,보관방법,
오븐 사용가능여부,1,열원·기기 사용 가능 여부,
건조기 사용가능여부,1,건조기사용가능여부,
녹 발생 시 관리 방법,1,세척방법,
스팀살균 사용여부,1,스팀살균사용여부,
냉장실 사용 여부,1,냉장실사용여부,
뚜껑 포함 여부,1,뚜껑,
적재 가능 여부,1,적재가능여부,
추가구성품,1,구성,
오픈 가능 규격,1,오픈가능규격,
추가 기능,1,추가기능,
세균차단율,1,세균차단율,
식품용여부,1,식품용여부,
눈금 표기 용량,1,용량,
기름때 제거 방법,1,기름때제거방법,
변색 세척/관리 방법,1,세척방법,
온도조절모드,1,온도조절모드,
온도 컨트롤러,1,온도컨트롤러,
Size(본체),1,Size(본체),
무게(본체),1,중량,
수입신고 문구 여부,1,수입신고,
본체재질,1,소재,
모서리 형태별 종류,1,모서리형태별종류,
길이 조절,1,길이조절,
고리구멍 내경,1,고리구멍내경,
KC인증필유무,1,인증,
법에 의한 인증·허가 등을 받았음을 확인 할 수 있는 경우 그에 대한 사항,1,인증,
후크 수,1,후크수,
손잡이 개수,1,손잡이,
해외제조업소,1,해외제조업소,
기본구성품,1,구성,
수입판매,1,수입원,
주소,1,주소,
내부마감,1,내부마감,
하단마감,1,하단마감,
보관주의,1,보관방법,
담금금지음료,1,담금금지음료,
실리콘 패킹 별도 구매 여부,1,실리콘패킹별도구매여부,
안전성검사,1,인증,
목재건조기간,1,목재건조기간,
별도구매,1,별도구매,
보수/관리방법,1,세척방법,
광파오븐 사용,1,열원·기기 사용 가능 여부,
분류,1,분류,
조립안내,1,조립안내,
별도구매 유리뚜껑 호환 규격,1,뚜껑,
칼날 형태,1,칼날형태,
나이프 구조,1,나이프구조,
가위 분리 가능 여부,1,가위분리가능여부,
가위 기능,1,가위기능,
유틸리티 나이프 사이즈,1,유틸리티나이프사이즈,
유틸리티 나이프 무게,1,중량,
미니 쵸퍼나이프 사이즈,1,미니쵸퍼나이프사이즈,
미니 쵸퍼나이프 무게,1,중량,
다용도 캠핑 가위 사이즈,1,다용도캠핑가위사이즈,
다용도 캠핑 가위 무게,1,중량,
보관 케이스 사이즈,1,보관방법,
보관 케이스 무게,1,보관방법,
세척 시 주의,1,세척방법,
절단 시 주의사항,1,주의사항,
연마제 제거 및 세척법,1,세척방법,
보험여부,1,보험여부,
첫 사용 시 세척방법,1,세척방법,
차량용 컵홀더 사용 가능 여부,1,차량용컵홀더사용가능여부,
식기건조기 사용 가능 여부,1,식기건조기 사용,
냉동실 사용 가능 여부,1,냉동실 사용,
타공크기,1,타공크기,
규격 및 무게,1,중량,
도자기 제품 특성 안내,1,도자기제품특성안내,
냉장·냉동 사용 여부,1,냉동실 사용,
보관 및 세척 관리 방법,1,세척방법,
사용가능세제,1,사용가능세제,
뚜껑 내부 소재,1,소재,
온도설정,1,온도설정,
내부눈금,1,내부눈금,
평상시 관리방법,1,세척방법,
열원 사용 주의사항,1,주의사항,
디자인 특징,1,디자인특징,
수입원 전화번호,1,수입원,
연마제 제거/첫 세척 방법,1,세척방법,
제조사/판매자,1,제조사,
캔 고체연료화로 풀세트 구성품,1,구성,
캔 고체연료 연소시간,1,캔고체연료연소시간,
캔 고체연료 주성분,1,소재,
캔 고체연료 중량,1,중량,
캔 고체연료 사이즈,1,캔고체연료사이즈,
뚜껑 숨구멍 여부,1,뚜껑,
편수 24cm 손잡이 구성,1,구성,
직화여부,1,열원·기기 사용 가능 여부,
안전검증(용출 시험),1,출시년월,
세척/관리방법(반점),1,세척방법,
세척/관리방법(갈변),1,세척방법,
진공구조,1,진공구조,
철심 분리 시 조치방법,1,철심분리시조치방법,
주둥이 마개,1,주둥이마개,
크기 및 중량,1,중량,
급랭 주의사항,1,주의사항,
상품명,1,제품명,
구성품 및 규격,1,구성,
오븐/찜기 사용여부,1,열원·기기 사용 가능 여부,
칠 벗겨짐 안내,1,칠벗겨짐안내,
SKU,1,SKU,
표면가공/공법,1,표면가공/공법,
사이즈 측정 기준,1,사이즈측정기준,
내구성시험,1,구성,
손잡이/꼭지 재질,1,소재,
사용 조리도구 주의사항,1,주의사항,
상표출원번호,1,상표출원번호,
케이스 특징,1,케이스특징,
오염 관리방법,1,세척방법,
보냉,1,보냉효력,
보온,1,보온효력,
마개,1,마개,
디자인 구성,1,구성,
길이 순서,1,길이순서,
규격(파란 시리즈),1,규격(파란시리즈),
규격(골드 시리즈),1,규격(골드시리즈),
사용가능열원및기기,1,열원·기기 사용 가능 여부,
시험/검출 결과,1,인증,
식기건조기 사용가능 여부,1,식기건조기 사용,
최초출시연월,1,출시년월,
권장온도,1,권장온도,
보온보냉기능,1,보온효력,
가열조리/열탕소독/냉동보관,1,열탕소독,
가전기기사용,1,가전기기사용,
종류별 규격 및 소재,1,소재,
인쇄사양,1,인쇄사양,
수납가능,1,수납가능,
수입식품안전관리특별법 문구,1,수입식품안전관리특별법문구,
안전성 시험/검사,1,인증,
품명,1,제품명,
칼날재질,1,소재,
제공품,1,제공품,
사용권장도마,1,사용권장도마,
절단주의재료,1,주의사항,
내열온도차,1,내열내냉온도,
소재(본체),1,소재,
소재(뚜껑),1,소재,
잠금방식,1,잠금방식,
마개특징,1,마개특징,
용도 주의,1,주의사항,
각인 포함 여부,1,각인포함여부,
초기 냄새 안내,1,초기냄새안내,
전자레인지 소독 방법,1,열탕소독,
사이즈 및 중량 오차,1,치수오차,
각도,1,각도,
성분배합,1,소재,
인덕션사용주의사항,1,주의사항,
세척/살균방법,1,세척방법,
거치대 회전각,1,거치대회전각,
식도 규격,1,식도규격,
사시미칼 규격,1,사시미칼규격,
채칼 규격,1,채칼규격,
전용 거치대 규격,1,전용거치대규격,
손잡이 수량,1,손잡이,
누름판 호환,1,누름판호환,
8L 사이즈,1,8L사이즈,
12L 사이즈,1,12L사이즈,
15L 사이즈,1,15L사이즈,
조리주의사항,1,주의사항,
노브주의사항,1,주의사항,
조리용량,1,용량,
연마제 제거방법,1,세척방법,
A/S 가능여부,1,A/S가능여부,
만수용량,1,용량,
죽통 크기,1,죽통크기,
찬통 크기,1,찬통크기,
도시락가방 크기,1,도시락가방크기,
찬통 보온 여부,1,보온효력,
칼폭,1,칼폭,
전체 길이,1,사이즈,
교체기준,1,교체기준,
각인안내,1,각인안내,
유해물질시험,1,유해물질 불검출,
내피소재,1,소재,
보온구조,1,보온효력,
담을 수 있는 음료,1,담을수있는음료,
차량호환,1,차량호환,
추가구성품 규격,1,구성,
추가구성품 색상,1,구성,
추가구성품 호환크기,1,구성,
전기안전인증,1,인증,
전자파적합필증,1,인증,
광파오븐 사용 여부,1,열원·기기 사용 가능 여부,
충전 어댑터 권장사양,1,충전어댑터권장사양,
펌프 세척 방법,1,세척방법,
겹수,1,겹수,
셰프 나이프 규격 및 무게,1,중량,
규토 나이프 규격 및 무게,1,중량,
샤이프 중식도 규격 및 무게,1,중량,
샤이프 일식도 규격 및 무게,1,중량,
샤이프 나키리 규격 및 무게,1,중량,
샤이프 페어링 규격 및 무게,1,중량,
제작 특이사항,1,제작특이사항,
단수,1,단수,
높낮이조절방식,1,높낮이조절방식,
제품특징 및 주의사항,1,주의사항,
마감특성,1,마감특성,
전자파적합성,1,인증,
KC 안전인증,1,인증,
기본세트 구성,1,구성,
풀세트 구성,1,구성,
빅 풀세트 구성,1,구성,
분쇄 조절,1,분쇄조절,
부가 기능,1,부가기능,
내용물 적정량,1,내용물적정량,
끓는 물 사용 시 주의사항,1,주의사항,
휴대 및 보관 방법,1,보관방법,
음료 투입 제한,1,음료투입제한,
내벽 얼룩 세척방법,1,세척방법,
냉장/냉동 보관 가능 여부,1,냉동실 사용,
직화/오븐 사용여부,1,열원·기기 사용 가능 여부,
세척도구 사용제한,1,세척방법,
물질 사용제한,1,주의사항,
휘슬기능,1,휘슬기능,
첫사용전세척,1,세척방법,
유해물질여부,1,유해물질 불검출,
사용 전 길들이기,1,사용전길들이기,
외관 안내,1,외관안내,
자율안전확인신고필증번호,1,자율안전확인신고필증번호,
인덕션 사용 가능 여부,1,열원·기기 사용 가능 여부,
출시년월일,1,출시년월,
수납공간 크기,1,수납공간크기,
프레임 두께,1,두께,
각인 위치,1,각인위치,
각인 가능 문자,1,각인가능문자,
각인 글자 수 제한,1,각인글자수제한,
각인 폰트,1,각인폰트,
첫 사용법,1,사용방법,
손잡이고리,1,손잡이,
물빠짐구멍,1,물빠짐구멍,
접은길이,1,접은길이,
폭,1,사이즈,
상품 구성품,1,구성,
관리 및 세척방법,1,세척방법,
변색 시 관리방법,1,세척방법,
항균기술,1,항균,
인쇄영역,1,인쇄영역,
사용 전 관리법,1,사용전관리법,
멀티커버 제품명,1,멀티커버제품명,
멀티커버 사용규격,1,멀티커버사용규격,
멀티커버 소재,1,소재,
멀티커버 원산지,1,원산지,
멀티커버 내열성,1,내열내냉온도,
멀티커버 식기세척기 사용여부,1,식기세척기 사용,
멀티커버 안전성,1,멀티커버안전성,
멀티커버 주의사항,1,주의사항,
위생덮개,1,위생덮개,
권장수위,1,권장수위,
가공 제조원,1,제조사,
항균시험기관,1,인증,
사용금지열원 및 기기,1,열원·기기 사용 가능 여부,
패킹 소재,1,소재,
호환 빨대 규격,1,호환빨대규격,
빨대 소재,1,소재,
빨대 사이즈,1,빨대사이즈,
자외선 소독기 사용여부,1,열탕소독,
재사용 여부,1,재사용여부,
사이즈 및 수량(젤아이스팩),1,사이즈및수량(젤아이스팩),
사이즈 및 수량(PE워터팩),1,사이즈및수량(PE워터팩),
사이즈(젤반제품),1,사이즈,
사이즈(워터팩 반제품),1,사이즈,
사용방법(반제품),1,사용방법,
폐기/분리배출 방법,1,폐기/분리배출방법,
특이사항,1,특이사항,
KC인증번호,1,인증,
유해성분,1,소재,
제조/수입원,1,제조사,
식품 위생 정보,1,식품위생정보,
시리즈,1,시리즈,
날소재,1,소재,
조리시간,1,조리시간,
최초 사용 전 세척방법,1,세척방법,
관리/손질 방법,1,세척방법,
원목 특성 안내,1,원목특성안내,
안전검증,1,안전검증,
사용인원,1,사용인원,
물솥 브랜드,1,물솥브랜드,
세트 옵션별 구성,1,구성,
편백찜기 세척방법,1,열원·기기 사용 가능 여부,
편백찜기 보관방법,1,열원·기기 사용 가능 여부,
스테인리스 세척방법,1,세척방법,
상품상태,1,상품상태,
멜로디 기능,1,멜로디기능,
차망/걸름망 특징,1,차망/걸름망특징,
주둥이 마개 특징,1,주둥이마개특징,
모양,1,모양,
캡타입,1,캡타입,
"내냉,내열온도",1,내열내냉온도,
패킹 교체주기,1,패킹교체주기,
함수율,1,함수율,
냉장/냉동 사용가능 여부,1,냉동실 사용,
식기세척기사용시주의사항,1,식기세척기 사용,
밑바닥지름,1,바닥구조,
구성품/부속품,1,구성,
담금가능음료,1,담금가능음료,
오븐 사용 가능 여부,1,열원·기기 사용 가능 여부,
살균 방법,1,살균방법,
끈적임 제거법,1,끈적임제거법,
냄새 제거법,1,세척방법,
디스펜서 사용법,1,사용방법,
스프레이 사용법,1,사용방법,
사용 불가 내용물,1,사용불가내용물,
취급 및 보관 주의사항,1,보관방법,
안전인증/검출여부,1,인증,
사이즈 및 무게 오차,1,치수오차,
글라스 뚜껑 사용 주의사항,1,주의사항,
바닥처리,1,바닥구조,
유해물질 불검출 인증,1,유해물질 불검출,
주의사항(열원 조절),1,주의사항,
주의사항(빈 용기 가열),1,주의사항,
주의사항(조리도구),1,주의사항,
주의사항(인덕션 사용),1,주의사항,
본체 무게,1,중량,
받침대 무게,1,중량,
KC 인증번호,1,인증,
온도 조절 범위 및 단위,1,온도조절범위및단위,
모드,1,모드,
예약 기능,1,예약기능,
회전 받침대,1,회전받침대,
자동 대기 전환,1,자동대기전환,
생산물배상책임보험,1,생산물배상책임보험,
캡 방식,1,캡방식,
내용물 주의사항,1,주의사항,
추가구성 상품명(추가 01),1,구성,
소재(추가 01),1,소재,
사이즈(추가 01),1,사이즈,
원산지(추가 01),1,원산지,
표백제 사용 여부(추가 01),1,표백제사용여부(추가01),
추가구성 상품명(추가 02),1,구성,
색상(추가 02),1,색상,
소재(추가 02),1,소재,
사이즈(추가 02),1,사이즈,
원산지(추가 02),1,원산지,
열탕소독 여부(추가 02),1,열탕소독,
구조형태,1,구조형태,
색상 및 디자인,1,색상,
부품 삶기 가능 여부,1,부품삶기가능여부,
주의사항(적정 용량),1,주의사항,
주의사항(보관 금지 내용물),1,보관방법,
주의사항(세척/방치),1,세척방법,
주의사항(충격 주의),1,주의사항,
규격 오차 안내,1,치수오차,
칠 횟수,1,칠횟수,
세제사용주의,1,주의사항,
UV 소독기 사용 주의,1,열탕소독,
색배임 주의,1,주의사항,
인증 및 성적,1,인증,
수저 받침 포함 여부,1,수저받침포함여부,
권장인원,1,권장인원,
뚜껑스팀홀,1,뚜껑,
습기배출구,1,습기배출구,
투명포켓,1,투명포켓,
유해물질 시험결과,1,유해물질 불검출,
고온소독 여부,1,열탕소독,
보관/관리방법,1,세척방법,
사용불가기구,1,사용불가기구,
표면코팅,1,코팅,
칼날특징,1,칼날특징,
패키지,1,패키지,
교체 주기 권장,1,교체주기권장,
보관 및 휴대 주의사항,1,보관방법,
안전시험,1,인증,
뚜껑 개폐방식,1,뚜껑,
BPA free,1,유해물질 불검출,
색배임 주의사항,1,주의사항,
UV 소독 주의사항,1,열탕소독,
오랜만 사용 시 관리법,1,오랜만사용시관리법,
가로길이,1,가로길이,
세로길이,1,세로길이,
수입식품안전관리특별법 여부,1,수입식품안전관리특별법여부,
케이스 오픈 방식,1,케이스오픈방식,
식기세척기/건조대 사용조건,1,식기세척기 사용,
식기세척기 사용 가능여부,1,식기세척기 사용,
추천 도마,1,추천도마,
사용불가 도마,1,사용불가도마,
압력 조절,1,압력조절,
온도기억기능,1,온도기억기능,
온도오차범위,1,치수오차,
자동재가열,1,자동재가열,
과열보호기능,1,과열보호기능,
수납가능용량,1,용량,
칼날공법,1,칼날공법,
칼갈이방법,1,칼갈이방법,
우드케이스관리방법,1,세척방법,
온도단계별 기준,1,온도단계별기준,
용량권장사항,1,용량,
화상주의,1,주의사항,
도장,1,도장,
인증내역,1,인증,
거치 홈 규격,1,거치홈규격,
제조자명/판매자명,1,제조사,
초기 세척법,1,세척방법,
얼룩 제거법,1,세척방법,
UV 소독 가능여부,1,열탕소독,
시험/인증,1,인증,
사용 전 확인사항,1,사용전확인사항,
수위 주의사항,1,주의사항,
세척/관리 권장사항,1,세척방법,
단열 구조 두께,1,두께,
받침대 회전 각도,1,받침대회전각도,
첫사용전 세척 방법,1,세척방법,
음료 사용 조건,1,음료사용조건,
선택옵션 소재,1,소재,
선택옵션 컬러,1,색상,
사용방향 구분,1,사용방향구분,
호환/사용성,1,호환/사용성,
상세소재,1,소재,
국제특허번호,1,인증,
내마모성 테스트,1,내마모성테스트,
뚜껑 호환성,1,뚜껑,
공정상 특이사항(교환/하자 제외),1,공정상특이사항(교환/하자제외),
전원방식,1,소비전력,
직화 사용,1,열원·기기 사용 가능 여부,
UV소독 주의사항,1,열탕소독,
구매 시 주의사항,1,주의사항,
스테인레스 등급,1,스테인레스등급,
빨대 사용 가능 여부,1,빨대사용가능여부,
붉은얼룩 제거방법,1,세척방법,
음료 담는 용량 주의사항,1,주의사항,
뚜껑 분리 시 주의사항,1,주의사항,
디자인 및 부품 변경 안내,1,디자인및부품변경안내,
규격(탕기),1,규격(탕기),
규격(찌개솥),1,규격(찌개솥),
규격(오모가리),1,규격(오모가리),
규격(전골),1,규격(전골),
박스당 수량,1,박스당수량,
시험성적(열충격강도),1,인증,
시험성적(내동해성),1,인증,
시험성적(중금속),1,인증,
원적외선 방사율,1,원적외선방사율,
내열/내냉,1,내열내냉온도,
식기세척기 사용주의사항,1,식기세척기 사용,
주둥이 덮개,1,주둥이덮개,
내부 거름망,1,내부거름망,
권장 규격,1,권장규격,
내·외병 소재,1,소재,
입구 사이즈,1,입구사이즈,
단열 구조,1,단열구조,
칼갈이 사용법,1,사용방법,
식용유 및 다당류 세척 안내,1,세척방법,
녹 제거 방법,1,녹제거방법,
뚜껑 손잡이 특성,1,손잡이,
사용방법(연마제 제거),1,세척방법,
백송 이도기리 규격,1,백송이도기리규격,
백송 이도기리 소재,1,소재,
니켄 사시미 오로시칼 규격,1,니켄사시미오로시칼규격,
니켄 사시미 오로시칼 소재,1,소재,
니켄 사시미 오로시칼 원산지,1,원산지,
일천도 이도기리 규격,1,일천도이도기리규격,
일천도 이도기리 소재,1,소재,
관국빙작 이도기리 규격,1,관국빙작이도기리규격,
동일모델의 출시년일,1,출시년월,
계일광수 이도기리 규격,1,계일광수이도기리규격,
추가구성 손잡이 고무 색상,1,구성,
추가구성 천연소가죽 칼집 소재,1,소재,
추가구성 천연소가죽 칼집 제조사,1,제조사,
추가구성 천연소가죽 칼집 제조국,1,원산지,
추가구성 사시미칼집 규격,1,구성,
전자레인지 조리 기준,1,열원·기기 사용 가능 여부,
배터리용량,1,용량,
연마자국 세척방법,1,세척방법,
바닥면,1,바닥구조,
사용금지내용물,1,주의사항,
손잡이 관리방법,1,세척방법,
스팀홀유무,1,스팀홀유무,
인덕션호환주의,1,주의사항,
인증/검출여부,1,인증,
바코드,1,바코드,
온도유지력,1,온도유지력,
제조 및 판매사,1,제조및판매사,
냉동 가능여부,1,냉동실 사용,
차량 컵홀더 호환여부,1,차량컵홀더호환여부,
얼룩 세척 방법,1,세척방법,
보관 조건,1,보관방법,
열소독,1,열탕소독,
주문제작,1,주문제작,
내한온도,1,내열내냉온도,
패키지 재질,1,소재,
보온/보냉효과,1,보온효력,
사이즈/용량,1,용량,
출시년도,1,출시년월,
구성(정보고시),1,구성,
소재(일반),1,소재,
내통 소재,1,소재,
특허 출원번호,1,인증,
특허 등록일,1,인증,
특허 발명 명칭,1,인증,
원목 생산지,1,원산지,
오븐 사용 불가 부품,1,열원·기기 사용 가능 여부,
냉동실 사용 후 개봉 방법,1,냉동실 사용,
냉동보관 가능여부,1,냉동실 사용,
상품번호,1,상품번호,
담금금지내용물,1,담금금지내용물,
내용물주입권장량,1,내용물주입권장량,
내부거름망,1,내부거름망,
사용 및 휴대 주의사항,1,주의사항,
제조자명,1,제조사,
살균소독방법,1,열탕소독,
모델명 및 규격,1,모델명및규격,
자동 전원 차단,1,소비전력,
열판,1,열판,
살균소독 방법 및 시간,1,열탕소독,
자가검사번호,1,인증,
양면구분,1,양면구분,
용량/ 규격,1,용량,
가열 시 주의사항,1,주의사항,
조리가능여부,1,조리가능여부,
크기 오차 안내,1,치수오차,
스테인리스 등급,1,스테인리스등급,
세로,1,세로,
입구내경,1,입구내경,
보냉성능,1,보냉효력,
강한충격,1,강한충격,
투입 금지 품목,1,투입금지품목,
유청분리 사용 주의사항,1,주의사항,
우동기 용량,1,용량,
편백월넛 도마 사이즈,1,편백월넛도마사이즈,
월넛느티 웨이브 도마 사이즈,1,월넛느티웨이브도마사이즈,
월넛느티 리아 도마 사이즈,1,월넛느티리아도마사이즈,
편백 사각 도마 사이즈,1,편백사각도마사이즈,
편백 웨이브 도마 사이즈,1,편백웨이브도마사이즈,
편백 리아 도마 사이즈,1,편백리아도마사이즈,
편백 빵도마 사이즈,1,편백빵도마사이즈,
캄포 사각 도마 사이즈,1,캄포사각도마사이즈,
캄포 웨이브 도마 사이즈,1,캄포웨이브도마사이즈,
캄포리아 도마 사이즈,1,캄포리아도마사이즈,
캄포 빵도마 사이즈,1,캄포빵도마사이즈,
월넛 사각 도마 사이즈,1,월넛사각도마사이즈,
월넛 웨이브 도마 사이즈,1,월넛웨이브도마사이즈,
비즈왁스 용량,1,용량,
비즈왁스 사용주기,1,비즈왁스사용주기,
컨디셔너 용량,1,용량,
컨디셔너 사용주기,1,컨디셔너사용주기,
핸들결합방식,1,핸들결합방식,
BPA FREE,1,유해물질 불검출,
평균 진공유지기간,1,평균진공유지기간,
녹 관리방법,1,세척방법,
권장 문 두께,1,두께,
무지개빛 변색시 관리법,1,세척방법,
너비,1,사이즈,
손잡이견딤무게,1,중량,
손잡이품질보증,1,품질보증기준,
첫 사용 방법,1,사용방법,
호환 규격,1,호환규격,
호환 기종,1,호환기종,
권장 사양,1,권장사양,
연마 소요 시간,1,연마소요시간,
측정 오차,1,치수오차,
부품 교체 안내,1,부품교체안내,
사용가능환경,1,사용가능환경,
구성품특징,1,구성,
고온소성온도,1,고온소성온도,
가열 및 온도 주의,1,주의사항,
물 주입구 크기,1,물주입구크기,
바닥 소재,1,소재,
수입자명,1,수입원,
판매자명,1,판매자명,
출수 방식,1,출수방식,
물기 미제거 시 주의사항,1,주의사항,
음료 보관 주의사항,1,보관방법,
칼날코팅,1,코팅,
제조,1,제조,
수분 흡수율,1,수분흡수율,
세제 사용 주의사항,1,주의사항,
수입신고,1,수입신고,
세척 주기,1,세척방법,
추가상품 No.1,1,추가상품No.1,
추가상품 No.2,1,추가상품No.2,
추가상품 No.3,1,추가상품No.3,
케이스 색상,1,색상,
시험·인증결과,1,인증,
지름,1,사이즈,
조작방법,1,조작방법,
수입/판매처,1,수입원,
포장케이스 크기,1,포장케이스크기,
이지커버 원산지,1,원산지,
바디 높이,1,바디높이,
1/9 규격,1,1/9규격,
1/9 호환품목,1,1/9호환품목,
칼 사용 특성,1,칼사용특성,
수분흡수 여부,1,수분흡수여부,
사이즈 옵션,1,사이즈옵션,
내열 여부,1,내열내냉온도,
포장재질,1,소재,
첫 사용 시 연마제 제거 방법,1,세척방법,
연마공정,1,연마공정,
난이도,1,난이도,
권장연령,1,권장연령,
소요시간,1,소요시간,
보조 준비물,1,보조준비물,
권장 채색도구,1,권장채색도구,
세탁 시 주의사항,1,주의사항,
사용방법 안내,1,사용방법,
세탁방법,1,세탁방법,
경고,1,주의사항,
플랜지 폭,1,플랜지폭,
부품포함여부,1,부품포함여부,
호환여부,1,호환여부,
보관 및 사용 주의사항,1,보관방법,
손잡이길이,1,손잡이,
손잡이 체결방식,1,손잡이,
코팅 여부,1,코팅,
인덕션 사용 조건,1,열원·기기 사용 가능 여부,
사용 전 시즈닝 방법,1,사용전시즈닝방법,
상품유형 (피카소),1,상품유형(피카소),
원산지 (피카소),1,원산지,
좌우구분 (피카소),1,좌우구분(피카소),
소재 (피카소),1,소재,
칼날길이 (피카소),1,날길이,
칼등두께 (피카소),1,두께,
칼날폭 (피카소),1,칼날폭(피카소),
전체길이 (피카소),1,전체길이(피카소),
중량 (피카소),1,중량,
상품유형 (국산 용칼),1,상품유형(국산용칼),
원산지 (국산 용칼),1,원산지,
소재 (국산 용칼),1,소재,
좌우구분 (국산 용칼),1,좌우구분(국산용칼),
칼날길이 (국산 용칼),1,날길이,
칼날폭 (국산 용칼),1,칼날폭(국산용칼),
칼등두께 (국산 용칼),1,두께,
전체길이 (국산 용칼),1,전체길이(국산용칼),
중량 (국산 용칼),1,중량,
상품유형 (칠지도 TPR),1,상품유형(칠지도TPR),
원산지 (칠지도 TPR),1,원산지,
좌우구분 (칠지도 TPR),1,좌우구분(칠지도TPR),
소재 (칠지도 TPR),1,소재,
칼날길이 (칠지도 TPR),1,날길이,
칼등두께 (칠지도 TPR),1,두께,
칼날폭 (칠지도 TPR),1,칼날폭(칠지도TPR),
전체길이 (칠지도 TPR),1,전체길이(칠지도TPR),
중량 (칠지도 TPR),1,중량,
상품유형 (포스터 브라더스),1,상품유형(포스터브라더스),
원산지 (포스터 브라더스),1,원산지,
소재 (포스터 브라더스),1,소재,
좌우구분 (포스터 브라더스),1,좌우구분(포스터브라더스),
칼날길이 (포스터 브라더스),1,날길이,
칼날폭 (포스터 브라더스),1,칼날폭(포스터브라더스),
칼등두께 (포스터 브라더스),1,두께,
전체길이 (포스터 브라더스),1,전체길이(포스터브라더스),
중량 (포스터 브라더스),1,중량,
상품유형 (칠지도 고급),1,상품유형(칠지도고급),
원산지 (칠지도 고급),1,원산지,
소재 (칠지도 고급),1,소재,
좌우구분 (칠지도 고급),1,좌우구분(칠지도고급),
칼날길이 (칠지도 고급),1,날길이,
칼날폭 (칠지도 고급),1,칼날폭(칠지도고급),
칼등두께 (칠지도 고급),1,두께,
전체길이 (칠지도 고급),1,전체길이(칠지도고급),
중량 (칠지도 고급),1,중량,
상품유형 (피카소 프로페셔널),1,상품유형(피카소프로페셔널),
원산지 (피카소 프로페셔널),1,원산지,
좌우구분 (피카소 프로페셔널),1,좌우구분(피카소프로페셔널),
소재 (피카소 프로페셔널),1,소재,
칼날길이 (피카소 프로페셔널),1,날길이,
칼두께 (피카소 프로페셔널),1,두께,
칼날폭 (피카소 프로페셔널),1,칼날폭(피카소프로페셔널),
전체길이 (피카소 프로페셔널),1,전체길이(피카소프로페셔널),
중량 (피카소 프로페셔널),1,중량,
추가구성 (칼집 규격),1,구성,
소재 (추가구성 칼집),1,소재,
원산지 (추가구성 칼집),1,원산지,
색상 (추가구성 칼집),1,구성,
추가구성 (손잡이 고무 색상),1,구성,
검사 및 인증,1,인증,
사용후 보관법,1,보관방법,
식약처 검사,1,인증,
인증/시험 성적,1,인증,
젖병소독기(UV 소독) 사용 여부,1,열탕소독,
수입식품안전관리특별법 신고여부,1,수입식품안전관리특별법신고여부,
재활용불가,1,재활용불가,
제조원/원산지,1,원산지,
크기/중량,1,중량,
마개 고정 기능,1,마개고정기능,
바닥커버 제품명(별도구매),1,바닥구조,
바닥커버 구성(별도구매),1,구성,
바닥커버 소재(별도구매),1,소재,
바닥커버 크기(별도구매),1,바닥구조,
바닥커버 제조원(별도구매),1,제조사,
바닥커버 원산지(별도구매),1,원산지,
바닥커버 호환 안내(별도구매),1,바닥구조,
원목원산지,1,원산지,
사포규격,1,사포규격,
오일링주기,1,오일링주기,
각인여부,1,각인여부,
오일용량,1,용량,
오일원료,1,오일원료,
오일원산지,1,원산지,
오일제조원,1,제조사,
오일수입소분판매원,1,오일수입소분판매원,
연마제 제거 및 첫 세척법,1,세척방법,
스위치 방식,1,스위치방식,
온도조절기,1,온도조절기,
뚜껑 분리 여부,1,뚜껑,
회전 받침,1,회전받침,
KC 인증,1,인증,
실리콘 내열 온도,1,내열내냉온도,
사용 주의사항,1,주의사항,
사용 환경 주의사항,1,주의사항,
인증/안전,1,인증,
수분함량,1,수분함량,
포장방식,1,포장방식,
성분,1,소재,
세제사용주의사항,1,주의사항,
가열주의사항,1,주의사항,
권장식칼,1,권장식칼,
초기세척주의사항,1,세척방법,
실리콘패드사용법,1,사용방법,
사이즈(공기),1,사이즈,
사이즈(대접),1,사이즈,
사이즈(대찬기),1,사이즈,
사이즈(중찬기),1,사이즈,
사이즈(소찬기),1,사이즈,
사이즈(종지),1,사이즈,
사이즈(젓가락),1,사이즈,
사이즈(젓가락받침),1,사이즈,
차량 홀더 호환 여부,1,차량홀더호환여부,
호환용량,1,용량,
세부크기,1,세부크기,
방수여부,1,방수여부,
제조자 및 주소,1,제조사,
정품구별법,1,정품구별법,
물받이 유무,1,물받이유무,
스프링 압력,1,스프링압력,
조절 단계,1,조절단계,
주입구 지름,1,주입구지름,
분리세척 구성,1,세척방법,
가열조리용 사용 여부,1,가열조리용사용여부,
냉동실 보관 여부,1,냉동실 사용,
규격 및 사이즈,1,규격및사이즈,
용량 표기 오차,1,치수오차,
사이즈(높이),1,사이즈,
세척방법(최초 사용시),1,세척방법,
음료 방치 주의,1,주의사항,
침수 세척 주의,1,세척방법,
항균제,1,항균,
제품특성(비하자사유),1,제품특성(비하자사유),
날 소재,1,소재,
품질보증기간,1,품질보증기준,
온도표시,1,온도표시,
코어 강재,1,코어강재,
날 각도,1,날각도,
유지관리방법,1,세척방법,
